TEXT,LATITUDE,LONGITUDE,ALTITUDE,TYPE
Moscow,55.7505412,37.6174782,0,city
North Russia,40.2347473,-84.4071014,0,city
Leningrad,59.938732,30.316229,0,city
Frankfurt,50.1106444,8.6820917,0,city
Deauville,49.36,0.0752778,0,city
jerusalem,31.7788242,35.2257626,0,city
Hamburg,53.550341,10.000654,0,city
Turin,45.0677551,7.6824892,0,city
Genoa,44.40726,8.9338624,0,city
Venice,45.4371908,12.3345898,0,city
Bologna,44.4938203,11.3426327,0,city
Cannes,43.5515198,7.0134418,0,city
Nervi,44.3833121,9.0391295,0,city
Chicago,41.8755616,-87.6244212,0,city
Stuttgart,48.7784485,9.1800132,0,city
Bath,51.3813864,-2.3596963,0,city
Spoleto,52.663642,-1.580326,0,city
Monte Carlo,43.7402961,7.426559,0,city
Milano,45.4641943,9.1896346,0,city
Marseille,43.2961743,5.3699525,0,city
Brussels,50.8465573,4.351697,0,city
Liverpool,53.4071991,-2.99168,0,city
Mexico City,19.4326296,-99.1331785,0,city
Montreal,45.5031824,-73.5698065,0,city
Baltimore,39.2908816,-76.610759,0,city
Melbourne,-37.8142454,144.9631732,0,city
Toronto,43.6534817,-79.3839347,0,city
Madrid,40.4167047,-3.7035825,0,city
Amsterdam,52.3730796,4.8924534,0,city
Copenhagen,55.6867243,12.5700724,0,city
Utrecht,52.0809856,5.127683969,0,city
Scheveningen,52.1067449,4.2736937,0,city
Rome,41.8933203,12.4829321,0,city
Stockholm,59.3251172,18.0710935,0,city
Holmdel,40.3451095,-74.1840322,0,city
New York,40.7127281,-74.0060152,0,city
Mantua,45.1692628,10.67083652,0,city
Florence,43.7697955,11.2556404,0,city
London,51.5074456,-0.1277653,0,city
Palma de Mallorca,39.5695818,2.6500745,0,city
Dublin,53.3493795,-6.2605593,0,city
Verona,45.4424977,10.98573769,0,city
Vienna,48.2083537,16.3725042,0,city
Berlin,52.510885,13.3989367,0,city
Budapest,47.4978789,19.0402383,0,city
Paris,48.8588897,2.320041022,0,city
1955,55.7505412,37.6174782,0,year
1956,55.7505412,37.6174782,365,year
1957,55.7505412,37.6174782,731,year
1958,55.7505412,37.6174782,1096,year
1959,55.7505412,37.6174782,1461,year
1960,55.7505412,37.6174782,1826,year
1961,55.7505412,37.6174782,2192,year
1955,40.2347473,-84.4071014,0,year
1956,40.2347473,-84.4071014,365,year
1957,40.2347473,-84.4071014,731,year
1958,40.2347473,-84.4071014,1096,year
1959,40.2347473,-84.4071014,1461,year
1960,40.2347473,-84.4071014,1826,year
1961,40.2347473,-84.4071014,2192,year
1955,59.938732,30.316229,0,year
1956,59.938732,30.316229,365,year
1957,59.938732,30.316229,731,year
1958,59.938732,30.316229,1096,year
1959,59.938732,30.316229,1461,year
1960,59.938732,30.316229,1826,year
1961,59.938732,30.316229,2192,year
1962,59.938732,30.316229,2557,year
1955,50.1106444,8.6820917,0,year
1956,50.1106444,8.6820917,365,year
1957,50.1106444,8.6820917,731,year
1958,50.1106444,8.6820917,1096,year
1959,50.1106444,8.6820917,1461,year
1960,50.1106444,8.6820917,1826,year
1961,50.1106444,8.6820917,2192,year
1962,50.1106444,8.6820917,2557,year
1955,49.36,0.0752778,0,year
1956,49.36,0.0752778,365,year
1957,49.36,0.0752778,731,year
1958,49.36,0.0752778,1096,year
1959,49.36,0.0752778,1461,year
1960,49.36,0.0752778,1826,year
1961,49.36,0.0752778,2192,year
1962,49.36,0.0752778,2557,year
1955,31.7788242,35.2257626,0,year
1956,31.7788242,35.2257626,365,year
1957,31.7788242,35.2257626,731,year
1958,31.7788242,35.2257626,1096,year
1959,31.7788242,35.2257626,1461,year
1960,31.7788242,35.2257626,1826,year
1961,31.7788242,35.2257626,2192,year
1962,31.7788242,35.2257626,2557,year
1955,53.550341,10.000654,0,year
1956,53.550341,10.000654,365,year
1957,53.550341,10.000654,731,year
1958,53.550341,10.000654,1096,year
1959,53.550341,10.000654,1461,year
1960,53.550341,10.000654,1826,year
1961,53.550341,10.000654,2192,year
1962,53.550341,10.000654,2557,year
1955,45.0677551,7.6824892,0,year
1956,45.0677551,7.6824892,365,year
1957,45.0677551,7.6824892,731,year
1958,45.0677551,7.6824892,1096,year
1959,45.0677551,7.6824892,1461,year
1960,45.0677551,7.6824892,1826,year
1961,45.0677551,7.6824892,2192,year
1962,45.0677551,7.6824892,2557,year
1955,44.40726,8.9338624,0,year
1956,44.40726,8.9338624,365,year
1957,44.40726,8.9338624,731,year
1958,44.40726,8.9338624,1096,year
1959,44.40726,8.9338624,1461,year
1960,44.40726,8.9338624,1826,year
1961,44.40726,8.9338624,2192,year
1962,44.40726,8.9338624,2557,year
1955,45.4371908,12.3345898,0,year
1956,45.4371908,12.3345898,365,year
1957,45.4371908,12.3345898,731,year
1958,45.4371908,12.3345898,1096,year
1959,45.4371908,12.3345898,1461,year
1960,45.4371908,12.3345898,1826,year
1961,45.4371908,12.3345898,2192,year
1962,45.4371908,12.3345898,2557,year
1955,44.4938203,11.3426327,0,year
1956,44.4938203,11.3426327,365,year
1957,44.4938203,11.3426327,731,year
1958,44.4938203,11.3426327,1096,year
1959,44.4938203,11.3426327,1461,year
1960,44.4938203,11.3426327,1826,year
1961,44.4938203,11.3426327,2192,year
1962,44.4938203,11.3426327,2557,year
1955,43.5515198,7.0134418,0,year
1956,43.5515198,7.0134418,365,year
1957,43.5515198,7.0134418,731,year
1958,43.5515198,7.0134418,1096,year
1959,43.5515198,7.0134418,1461,year
1960,43.5515198,7.0134418,1826,year
1961,43.5515198,7.0134418,2192,year
1962,43.5515198,7.0134418,2557,year
1963,43.5515198,7.0134418,2922,year
1955,44.3833121,9.0391295,0,year
1956,44.3833121,9.0391295,365,year
1957,44.3833121,9.0391295,731,year
1958,44.3833121,9.0391295,1096,year
1959,44.3833121,9.0391295,1461,year
1960,44.3833121,9.0391295,1826,year
1961,44.3833121,9.0391295,2192,year
1962,44.3833121,9.0391295,2557,year
1963,44.3833121,9.0391295,2922,year
1955,41.8755616,-87.6244212,0,year
1956,41.8755616,-87.6244212,365,year
1957,41.8755616,-87.6244212,731,year
1958,41.8755616,-87.6244212,1096,year
1959,41.8755616,-87.6244212,1461,year
1960,41.8755616,-87.6244212,1826,year
1961,41.8755616,-87.6244212,2192,year
1962,41.8755616,-87.6244212,2557,year
1963,41.8755616,-87.6244212,2922,year
1955,48.7784485,9.1800132,0,year
1956,48.7784485,9.1800132,365,year
1957,48.7784485,9.1800132,731,year
1958,48.7784485,9.1800132,1096,year
1959,48.7784485,9.1800132,1461,year
1960,48.7784485,9.1800132,1826,year
1961,48.7784485,9.1800132,2192,year
1962,48.7784485,9.1800132,2557,year
1963,48.7784485,9.1800132,2922,year
1964,48.7784485,9.1800132,3287,year
1965,48.7784485,9.1800132,3653,year
1955,51.3813864,-2.3596963,0,year
1956,51.3813864,-2.3596963,365,year
1957,51.3813864,-2.3596963,731,year
1958,51.3813864,-2.3596963,1096,year
1959,51.3813864,-2.3596963,1461,year
1960,51.3813864,-2.3596963,1826,year
1961,51.3813864,-2.3596963,2192,year
1962,51.3813864,-2.3596963,2557,year
1963,51.3813864,-2.3596963,2922,year
1964,51.3813864,-2.3596963,3287,year
1965,51.3813864,-2.3596963,3653,year
1955,52.663642,-1.580326,0,year
1956,52.663642,-1.580326,365,year
1957,52.663642,-1.580326,731,year
1958,52.663642,-1.580326,1096,year
1959,52.663642,-1.580326,1461,year
1960,52.663642,-1.580326,1826,year
1961,52.663642,-1.580326,2192,year
1962,52.663642,-1.580326,2557,year
1963,52.663642,-1.580326,2922,year
1964,52.663642,-1.580326,3287,year
1965,52.663642,-1.580326,3653,year
1955,43.7402961,7.426559,0,year
1956,43.7402961,7.426559,365,year
1957,43.7402961,7.426559,731,year
1958,43.7402961,7.426559,1096,year
1959,43.7402961,7.426559,1461,year
1960,43.7402961,7.426559,1826,year
1961,43.7402961,7.426559,2192,year
1962,43.7402961,7.426559,2557,year
1963,43.7402961,7.426559,2922,year
1964,43.7402961,7.426559,3287,year
1965,43.7402961,7.426559,3653,year
1966,43.7402961,7.426559,4018,year
1967,43.7402961,7.426559,4383,year
1968,43.7402961,7.426559,4748,year
1969,43.7402961,7.426559,5114,year
1955,45.4641943,9.1896346,0,year
1956,45.4641943,9.1896346,365,year
1957,45.4641943,9.1896346,731,year
1958,45.4641943,9.1896346,1096,year
1959,45.4641943,9.1896346,1461,year
1960,45.4641943,9.1896346,1826,year
1961,45.4641943,9.1896346,2192,year
1962,45.4641943,9.1896346,2557,year
1963,45.4641943,9.1896346,2922,year
1964,45.4641943,9.1896346,3287,year
1965,45.4641943,9.1896346,3653,year
1966,45.4641943,9.1896346,4018,year
1967,45.4641943,9.1896346,4383,year
1968,45.4641943,9.1896346,4748,year
1969,45.4641943,9.1896346,5114,year
1955,43.2961743,5.3699525,0,year
1956,43.2961743,5.3699525,365,year
1957,43.2961743,5.3699525,731,year
1958,43.2961743,5.3699525,1096,year
1959,43.2961743,5.3699525,1461,year
1960,43.2961743,5.3699525,1826,year
1961,43.2961743,5.3699525,2192,year
1962,43.2961743,5.3699525,2557,year
1963,43.2961743,5.3699525,2922,year
1964,43.2961743,5.3699525,3287,year
1965,43.2961743,5.3699525,3653,year
1966,43.2961743,5.3699525,4018,year
1967,43.2961743,5.3699525,4383,year
1968,43.2961743,5.3699525,4748,year
1969,43.2961743,5.3699525,5114,year
1970,43.2961743,5.3699525,5479,year
1971,43.2961743,5.3699525,5844,year
1955,50.8465573,4.351697,0,year
1956,50.8465573,4.351697,365,year
1957,50.8465573,4.351697,731,year
1958,50.8465573,4.351697,1096,year
1959,50.8465573,4.351697,1461,year
1960,50.8465573,4.351697,1826,year
1961,50.8465573,4.351697,2192,year
1962,50.8465573,4.351697,2557,year
1963,50.8465573,4.351697,2922,year
1964,50.8465573,4.351697,3287,year
1965,50.8465573,4.351697,3653,year
1966,50.8465573,4.351697,4018,year
1967,50.8465573,4.351697,4383,year
1968,50.8465573,4.351697,4748,year
1969,50.8465573,4.351697,5114,year
1970,50.8465573,4.351697,5479,year
1971,50.8465573,4.351697,5844,year
1972,50.8465573,4.351697,6209,year
1955,53.4071991,-2.99168,0,year
1956,53.4071991,-2.99168,365,year
1957,53.4071991,-2.99168,731,year
1958,53.4071991,-2.99168,1096,year
1959,53.4071991,-2.99168,1461,year
1960,53.4071991,-2.99168,1826,year
1961,53.4071991,-2.99168,2192,year
1962,53.4071991,-2.99168,2557,year
1963,53.4071991,-2.99168,2922,year
1964,53.4071991,-2.99168,3287,year
1965,53.4071991,-2.99168,3653,year
1966,53.4071991,-2.99168,4018,year
1967,53.4071991,-2.99168,4383,year
1968,53.4071991,-2.99168,4748,year
1969,53.4071991,-2.99168,5114,year
1970,53.4071991,-2.99168,5479,year
1971,53.4071991,-2.99168,5844,year
1972,53.4071991,-2.99168,6209,year
1973,53.4071991,-2.99168,6575,year
1955,19.4326296,-99.1331785,0,year
1956,19.4326296,-99.1331785,365,year
1957,19.4326296,-99.1331785,731,year
1958,19.4326296,-99.1331785,1096,year
1959,19.4326296,-99.1331785,1461,year
1960,19.4326296,-99.1331785,1826,year
1961,19.4326296,-99.1331785,2192,year
1962,19.4326296,-99.1331785,2557,year
1963,19.4326296,-99.1331785,2922,year
1964,19.4326296,-99.1331785,3287,year
1965,19.4326296,-99.1331785,3653,year
1966,19.4326296,-99.1331785,4018,year
1967,19.4326296,-99.1331785,4383,year
1968,19.4326296,-99.1331785,4748,year
1969,19.4326296,-99.1331785,5114,year
1970,19.4326296,-99.1331785,5479,year
1971,19.4326296,-99.1331785,5844,year
1972,19.4326296,-99.1331785,6209,year
1973,19.4326296,-99.1331785,6575,year
1955,45.5031824,-73.5698065,0,year
1956,45.5031824,-73.5698065,365,year
1957,45.5031824,-73.5698065,731,year
1958,45.5031824,-73.5698065,1096,year
1959,45.5031824,-73.5698065,1461,year
1960,45.5031824,-73.5698065,1826,year
1961,45.5031824,-73.5698065,2192,year
1962,45.5031824,-73.5698065,2557,year
1963,45.5031824,-73.5698065,2922,year
1964,45.5031824,-73.5698065,3287,year
1965,45.5031824,-73.5698065,3653,year
1966,45.5031824,-73.5698065,4018,year
1967,45.5031824,-73.5698065,4383,year
1968,45.5031824,-73.5698065,4748,year
1969,45.5031824,-73.5698065,5114,year
1970,45.5031824,-73.5698065,5479,year
1971,45.5031824,-73.5698065,5844,year
1972,45.5031824,-73.5698065,6209,year
1973,45.5031824,-73.5698065,6575,year
1955,39.2908816,-76.610759,0,year
1956,39.2908816,-76.610759,365,year
1957,39.2908816,-76.610759,731,year
1958,39.2908816,-76.610759,1096,year
1959,39.2908816,-76.610759,1461,year
1960,39.2908816,-76.610759,1826,year
1961,39.2908816,-76.610759,2192,year
1962,39.2908816,-76.610759,2557,year
1963,39.2908816,-76.610759,2922,year
1964,39.2908816,-76.610759,3287,year
1965,39.2908816,-76.610759,3653,year
1966,39.2908816,-76.610759,4018,year
1967,39.2908816,-76.610759,4383,year
1968,39.2908816,-76.610759,4748,year
1969,39.2908816,-76.610759,5114,year
1970,39.2908816,-76.610759,5479,year
1971,39.2908816,-76.610759,5844,year
1972,39.2908816,-76.610759,6209,year
1973,39.2908816,-76.610759,6575,year
1955,-37.8142454,144.9631732,0,year
1956,-37.8142454,144.9631732,365,year
1957,-37.8142454,144.9631732,731,year
1958,-37.8142454,144.9631732,1096,year
1959,-37.8142454,144.9631732,1461,year
1960,-37.8142454,144.9631732,1826,year
1961,-37.8142454,144.9631732,2192,year
1962,-37.8142454,144.9631732,2557,year
1963,-37.8142454,144.9631732,2922,year
1964,-37.8142454,144.9631732,3287,year
1965,-37.8142454,144.9631732,3653,year
1966,-37.8142454,144.9631732,4018,year
1967,-37.8142454,144.9631732,4383,year
1968,-37.8142454,144.9631732,4748,year
1969,-37.8142454,144.9631732,5114,year
1970,-37.8142454,144.9631732,5479,year
1971,-37.8142454,144.9631732,5844,year
1972,-37.8142454,144.9631732,6209,year
1973,-37.8142454,144.9631732,6575,year
1974,-37.8142454,144.9631732,6940,year
1955,43.6534817,-79.3839347,0,year
1956,43.6534817,-79.3839347,365,year
1957,43.6534817,-79.3839347,731,year
1958,43.6534817,-79.3839347,1096,year
1959,43.6534817,-79.3839347,1461,year
1960,43.6534817,-79.3839347,1826,year
1961,43.6534817,-79.3839347,2192,year
1962,43.6534817,-79.3839347,2557,year
1963,43.6534817,-79.3839347,2922,year
1964,43.6534817,-79.3839347,3287,year
1965,43.6534817,-79.3839347,3653,year
1966,43.6534817,-79.3839347,4018,year
1967,43.6534817,-79.3839347,4383,year
1968,43.6534817,-79.3839347,4748,year
1969,43.6534817,-79.3839347,5114,year
1970,43.6534817,-79.3839347,5479,year
1971,43.6534817,-79.3839347,5844,year
1972,43.6534817,-79.3839347,6209,year
1973,43.6534817,-79.3839347,6575,year
1974,43.6534817,-79.3839347,6940,year
1975,43.6534817,-79.3839347,7305,year
1955,40.4167047,-3.7035825,0,year
1956,40.4167047,-3.7035825,365,year
1957,40.4167047,-3.7035825,731,year
1958,40.4167047,-3.7035825,1096,year
1959,40.4167047,-3.7035825,1461,year
1960,40.4167047,-3.7035825,1826,year
1961,40.4167047,-3.7035825,2192,year
1962,40.4167047,-3.7035825,2557,year
1963,40.4167047,-3.7035825,2922,year
1964,40.4167047,-3.7035825,3287,year
1965,40.4167047,-3.7035825,3653,year
1966,40.4167047,-3.7035825,4018,year
1967,40.4167047,-3.7035825,4383,year
1968,40.4167047,-3.7035825,4748,year
1969,40.4167047,-3.7035825,5114,year
1970,40.4167047,-3.7035825,5479,year
1971,40.4167047,-3.7035825,5844,year
1972,40.4167047,-3.7035825,6209,year
1973,40.4167047,-3.7035825,6575,year
1974,40.4167047,-3.7035825,6940,year
1975,40.4167047,-3.7035825,7305,year
1976,40.4167047,-3.7035825,7670,year
1955,52.3730796,4.8924534,0,year
1956,52.3730796,4.8924534,365,year
1957,52.3730796,4.8924534,731,year
1958,52.3730796,4.8924534,1096,year
1959,52.3730796,4.8924534,1461,year
1960,52.3730796,4.8924534,1826,year
1961,52.3730796,4.8924534,2192,year
1962,52.3730796,4.8924534,2557,year
1963,52.3730796,4.8924534,2922,year
1964,52.3730796,4.8924534,3287,year
1965,52.3730796,4.8924534,3653,year
1966,52.3730796,4.8924534,4018,year
1967,52.3730796,4.8924534,4383,year
1968,52.3730796,4.8924534,4748,year
1969,52.3730796,4.8924534,5114,year
1970,52.3730796,4.8924534,5479,year
1971,52.3730796,4.8924534,5844,year
1972,52.3730796,4.8924534,6209,year
1973,52.3730796,4.8924534,6575,year
1974,52.3730796,4.8924534,6940,year
1975,52.3730796,4.8924534,7305,year
1976,52.3730796,4.8924534,7670,year
1955,55.6867243,12.5700724,0,year
1956,55.6867243,12.5700724,365,year
1957,55.6867243,12.5700724,731,year
1958,55.6867243,12.5700724,1096,year
1959,55.6867243,12.5700724,1461,year
1960,55.6867243,12.5700724,1826,year
1961,55.6867243,12.5700724,2192,year
1962,55.6867243,12.5700724,2557,year
1963,55.6867243,12.5700724,2922,year
1964,55.6867243,12.5700724,3287,year
1965,55.6867243,12.5700724,3653,year
1966,55.6867243,12.5700724,4018,year
1967,55.6867243,12.5700724,4383,year
1968,55.6867243,12.5700724,4748,year
1969,55.6867243,12.5700724,5114,year
1970,55.6867243,12.5700724,5479,year
1971,55.6867243,12.5700724,5844,year
1972,55.6867243,12.5700724,6209,year
1973,55.6867243,12.5700724,6575,year
1974,55.6867243,12.5700724,6940,year
1975,55.6867243,12.5700724,7305,year
1976,55.6867243,12.5700724,7670,year
1977,55.6867243,12.5700724,8036,year
1955,52.0809856,5.127683969,0,year
1956,52.0809856,5.127683969,365,year
1957,52.0809856,5.127683969,731,year
1958,52.0809856,5.127683969,1096,year
1959,52.0809856,5.127683969,1461,year
1960,52.0809856,5.127683969,1826,year
1961,52.0809856,5.127683969,2192,year
1962,52.0809856,5.127683969,2557,year
1963,52.0809856,5.127683969,2922,year
1964,52.0809856,5.127683969,3287,year
1965,52.0809856,5.127683969,3653,year
1966,52.0809856,5.127683969,4018,year
1967,52.0809856,5.127683969,4383,year
1968,52.0809856,5.127683969,4748,year
1969,52.0809856,5.127683969,5114,year
1970,52.0809856,5.127683969,5479,year
1971,52.0809856,5.127683969,5844,year
1972,52.0809856,5.127683969,6209,year
1973,52.0809856,5.127683969,6575,year
1974,52.0809856,5.127683969,6940,year
1975,52.0809856,5.127683969,7305,year
1976,52.0809856,5.127683969,7670,year
1977,52.0809856,5.127683969,8036,year
1978,52.0809856,5.127683969,8401,year
1955,52.1067449,4.2736937,0,year
1956,52.1067449,4.2736937,365,year
1957,52.1067449,4.2736937,731,year
1958,52.1067449,4.2736937,1096,year
1959,52.1067449,4.2736937,1461,year
1960,52.1067449,4.2736937,1826,year
1961,52.1067449,4.2736937,2192,year
1962,52.1067449,4.2736937,2557,year
1963,52.1067449,4.2736937,2922,year
1964,52.1067449,4.2736937,3287,year
1965,52.1067449,4.2736937,3653,year
1966,52.1067449,4.2736937,4018,year
1967,52.1067449,4.2736937,4383,year
1968,52.1067449,4.2736937,4748,year
1969,52.1067449,4.2736937,5114,year
1970,52.1067449,4.2736937,5479,year
1971,52.1067449,4.2736937,5844,year
1972,52.1067449,4.2736937,6209,year
1973,52.1067449,4.2736937,6575,year
1974,52.1067449,4.2736937,6940,year
1975,52.1067449,4.2736937,7305,year
1976,52.1067449,4.2736937,7670,year
1977,52.1067449,4.2736937,8036,year
1978,52.1067449,4.2736937,8401,year
1979,52.1067449,4.2736937,8766,year
1955,41.8933203,12.4829321,0,year
1956,41.8933203,12.4829321,365,year
1957,41.8933203,12.4829321,731,year
1958,41.8933203,12.4829321,1096,year
1959,41.8933203,12.4829321,1461,year
1960,41.8933203,12.4829321,1826,year
1961,41.8933203,12.4829321,2192,year
1962,41.8933203,12.4829321,2557,year
1963,41.8933203,12.4829321,2922,year
1964,41.8933203,12.4829321,3287,year
1965,41.8933203,12.4829321,3653,year
1966,41.8933203,12.4829321,4018,year
1967,41.8933203,12.4829321,4383,year
1968,41.8933203,12.4829321,4748,year
1969,41.8933203,12.4829321,5114,year
1970,41.8933203,12.4829321,5479,year
1971,41.8933203,12.4829321,5844,year
1972,41.8933203,12.4829321,6209,year
1973,41.8933203,12.4829321,6575,year
1974,41.8933203,12.4829321,6940,year
1975,41.8933203,12.4829321,7305,year
1976,41.8933203,12.4829321,7670,year
1977,41.8933203,12.4829321,8036,year
1978,41.8933203,12.4829321,8401,year
1979,41.8933203,12.4829321,8766,year
1980,41.8933203,12.4829321,9131,year
1981,41.8933203,12.4829321,9497,year
1982,41.8933203,12.4829321,9862,year
1955,59.3251172,18.0710935,0,year
1956,59.3251172,18.0710935,365,year
1957,59.3251172,18.0710935,731,year
1958,59.3251172,18.0710935,1096,year
1959,59.3251172,18.0710935,1461,year
1960,59.3251172,18.0710935,1826,year
1961,59.3251172,18.0710935,2192,year
1962,59.3251172,18.0710935,2557,year
1963,59.3251172,18.0710935,2922,year
1964,59.3251172,18.0710935,3287,year
1965,59.3251172,18.0710935,3653,year
1966,59.3251172,18.0710935,4018,year
1967,59.3251172,18.0710935,4383,year
1968,59.3251172,18.0710935,4748,year
1969,59.3251172,18.0710935,5114,year
1970,59.3251172,18.0710935,5479,year
1971,59.3251172,18.0710935,5844,year
1972,59.3251172,18.0710935,6209,year
1973,59.3251172,18.0710935,6575,year
1974,59.3251172,18.0710935,6940,year
1975,59.3251172,18.0710935,7305,year
1976,59.3251172,18.0710935,7670,year
1977,59.3251172,18.0710935,8036,year
1978,59.3251172,18.0710935,8401,year
1979,59.3251172,18.0710935,8766,year
1980,59.3251172,18.0710935,9131,year
1981,59.3251172,18.0710935,9497,year
1982,59.3251172,18.0710935,9862,year
1955,40.3451095,-74.1840322,0,year
1956,40.3451095,-74.1840322,365,year
1957,40.3451095,-74.1840322,731,year
1958,40.3451095,-74.1840322,1096,year
1959,40.3451095,-74.1840322,1461,year
1960,40.3451095,-74.1840322,1826,year
1961,40.3451095,-74.1840322,2192,year
1962,40.3451095,-74.1840322,2557,year
1963,40.3451095,-74.1840322,2922,year
1964,40.3451095,-74.1840322,3287,year
1965,40.3451095,-74.1840322,3653,year
1966,40.3451095,-74.1840322,4018,year
1967,40.3451095,-74.1840322,4383,year
1968,40.3451095,-74.1840322,4748,year
1969,40.3451095,-74.1840322,5114,year
1970,40.3451095,-74.1840322,5479,year
1971,40.3451095,-74.1840322,5844,year
1972,40.3451095,-74.1840322,6209,year
1973,40.3451095,-74.1840322,6575,year
1974,40.3451095,-74.1840322,6940,year
1975,40.3451095,-74.1840322,7305,year
1976,40.3451095,-74.1840322,7670,year
1977,40.3451095,-74.1840322,8036,year
1978,40.3451095,-74.1840322,8401,year
1979,40.3451095,-74.1840322,8766,year
1980,40.3451095,-74.1840322,9131,year
1981,40.3451095,-74.1840322,9497,year
1982,40.3451095,-74.1840322,9862,year
1983,40.3451095,-74.1840322,10227,year
1984,40.3451095,-74.1840322,10592,year
1985,40.3451095,-74.1840322,10958,year
1986,40.3451095,-74.1840322,11323,year
1987,40.3451095,-74.1840322,11688,year
1955,40.7127281,-74.0060152,0,year
1956,40.7127281,-74.0060152,365,year
1957,40.7127281,-74.0060152,731,year
1958,40.7127281,-74.0060152,1096,year
1959,40.7127281,-74.0060152,1461,year
1960,40.7127281,-74.0060152,1826,year
1961,40.7127281,-74.0060152,2192,year
1962,40.7127281,-74.0060152,2557,year
1963,40.7127281,-74.0060152,2922,year
1964,40.7127281,-74.0060152,3287,year
1965,40.7127281,-74.0060152,3653,year
1966,40.7127281,-74.0060152,4018,year
1967,40.7127281,-74.0060152,4383,year
1968,40.7127281,-74.0060152,4748,year
1969,40.7127281,-74.0060152,5114,year
1970,40.7127281,-74.0060152,5479,year
1971,40.7127281,-74.0060152,5844,year
1972,40.7127281,-74.0060152,6209,year
1973,40.7127281,-74.0060152,6575,year
1974,40.7127281,-74.0060152,6940,year
1975,40.7127281,-74.0060152,7305,year
1976,40.7127281,-74.0060152,7670,year
1977,40.7127281,-74.0060152,8036,year
1978,40.7127281,-74.0060152,8401,year
1979,40.7127281,-74.0060152,8766,year
1980,40.7127281,-74.0060152,9131,year
1981,40.7127281,-74.0060152,9497,year
1982,40.7127281,-74.0060152,9862,year
1983,40.7127281,-74.0060152,10227,year
1984,40.7127281,-74.0060152,10592,year
1985,40.7127281,-74.0060152,10958,year
1986,40.7127281,-74.0060152,11323,year
1987,40.7127281,-74.0060152,11688,year
1988,40.7127281,-74.0060152,12053,year
1989,40.7127281,-74.0060152,12419,year
1955,45.1692628,10.67083652,0,year
1956,45.1692628,10.67083652,365,year
1957,45.1692628,10.67083652,731,year
1958,45.1692628,10.67083652,1096,year
1959,45.1692628,10.67083652,1461,year
1960,45.1692628,10.67083652,1826,year
1961,45.1692628,10.67083652,2192,year
1962,45.1692628,10.67083652,2557,year
1963,45.1692628,10.67083652,2922,year
1964,45.1692628,10.67083652,3287,year
1965,45.1692628,10.67083652,3653,year
1966,45.1692628,10.67083652,4018,year
1967,45.1692628,10.67083652,4383,year
1968,45.1692628,10.67083652,4748,year
1969,45.1692628,10.67083652,5114,year
1970,45.1692628,10.67083652,5479,year
1971,45.1692628,10.67083652,5844,year
1972,45.1692628,10.67083652,6209,year
1973,45.1692628,10.67083652,6575,year
1974,45.1692628,10.67083652,6940,year
1975,45.1692628,10.67083652,7305,year
1976,45.1692628,10.67083652,7670,year
1977,45.1692628,10.67083652,8036,year
1978,45.1692628,10.67083652,8401,year
1979,45.1692628,10.67083652,8766,year
1980,45.1692628,10.67083652,9131,year
1981,45.1692628,10.67083652,9497,year
1982,45.1692628,10.67083652,9862,year
1983,45.1692628,10.67083652,10227,year
1984,45.1692628,10.67083652,10592,year
1985,45.1692628,10.67083652,10958,year
1986,45.1692628,10.67083652,11323,year
1987,45.1692628,10.67083652,11688,year
1988,45.1692628,10.67083652,12053,year
1989,45.1692628,10.67083652,12419,year
1955,43.7697955,11.2556404,0,year
1956,43.7697955,11.2556404,365,year
1957,43.7697955,11.2556404,731,year
1958,43.7697955,11.2556404,1096,year
1959,43.7697955,11.2556404,1461,year
1960,43.7697955,11.2556404,1826,year
1961,43.7697955,11.2556404,2192,year
1962,43.7697955,11.2556404,2557,year
1963,43.7697955,11.2556404,2922,year
1964,43.7697955,11.2556404,3287,year
1965,43.7697955,11.2556404,3653,year
1966,43.7697955,11.2556404,4018,year
1967,43.7697955,11.2556404,4383,year
1968,43.7697955,11.2556404,4748,year
1969,43.7697955,11.2556404,5114,year
1970,43.7697955,11.2556404,5479,year
1971,43.7697955,11.2556404,5844,year
1972,43.7697955,11.2556404,6209,year
1973,43.7697955,11.2556404,6575,year
1974,43.7697955,11.2556404,6940,year
1975,43.7697955,11.2556404,7305,year
1976,43.7697955,11.2556404,7670,year
1977,43.7697955,11.2556404,8036,year
1978,43.7697955,11.2556404,8401,year
1979,43.7697955,11.2556404,8766,year
1980,43.7697955,11.2556404,9131,year
1981,43.7697955,11.2556404,9497,year
1982,43.7697955,11.2556404,9862,year
1983,43.7697955,11.2556404,10227,year
1984,43.7697955,11.2556404,10592,year
1985,43.7697955,11.2556404,10958,year
1986,43.7697955,11.2556404,11323,year
1987,43.7697955,11.2556404,11688,year
1988,43.7697955,11.2556404,12053,year
1989,43.7697955,11.2556404,12419,year
1990,43.7697955,11.2556404,12784,year
1955,51.5074456,-0.1277653,0,year
1956,51.5074456,-0.1277653,365,year
1957,51.5074456,-0.1277653,731,year
1958,51.5074456,-0.1277653,1096,year
1959,51.5074456,-0.1277653,1461,year
1960,51.5074456,-0.1277653,1826,year
1961,51.5074456,-0.1277653,2192,year
1962,51.5074456,-0.1277653,2557,year
1963,51.5074456,-0.1277653,2922,year
1964,51.5074456,-0.1277653,3287,year
1965,51.5074456,-0.1277653,3653,year
1966,51.5074456,-0.1277653,4018,year
1967,51.5074456,-0.1277653,4383,year
1968,51.5074456,-0.1277653,4748,year
1969,51.5074456,-0.1277653,5114,year
1970,51.5074456,-0.1277653,5479,year
1971,51.5074456,-0.1277653,5844,year
1972,51.5074456,-0.1277653,6209,year
1973,51.5074456,-0.1277653,6575,year
1974,51.5074456,-0.1277653,6940,year
1975,51.5074456,-0.1277653,7305,year
1976,51.5074456,-0.1277653,7670,year
1977,51.5074456,-0.1277653,8036,year
1978,51.5074456,-0.1277653,8401,year
1979,51.5074456,-0.1277653,8766,year
1980,51.5074456,-0.1277653,9131,year
1981,51.5074456,-0.1277653,9497,year
1982,51.5074456,-0.1277653,9862,year
1983,51.5074456,-0.1277653,10227,year
1984,51.5074456,-0.1277653,10592,year
1985,51.5074456,-0.1277653,10958,year
1986,51.5074456,-0.1277653,11323,year
1987,51.5074456,-0.1277653,11688,year
1988,51.5074456,-0.1277653,12053,year
1989,51.5074456,-0.1277653,12419,year
1990,51.5074456,-0.1277653,12784,year
1991,51.5074456,-0.1277653,13149,year
1955,39.5695818,2.6500745,0,year
1956,39.5695818,2.6500745,365,year
1957,39.5695818,2.6500745,731,year
1958,39.5695818,2.6500745,1096,year
1959,39.5695818,2.6500745,1461,year
1960,39.5695818,2.6500745,1826,year
1961,39.5695818,2.6500745,2192,year
1962,39.5695818,2.6500745,2557,year
1963,39.5695818,2.6500745,2922,year
1964,39.5695818,2.6500745,3287,year
1965,39.5695818,2.6500745,3653,year
1966,39.5695818,2.6500745,4018,year
1967,39.5695818,2.6500745,4383,year
1968,39.5695818,2.6500745,4748,year
1969,39.5695818,2.6500745,5114,year
1970,39.5695818,2.6500745,5479,year
1971,39.5695818,2.6500745,5844,year
1972,39.5695818,2.6500745,6209,year
1973,39.5695818,2.6500745,6575,year
1974,39.5695818,2.6500745,6940,year
1975,39.5695818,2.6500745,7305,year
1976,39.5695818,2.6500745,7670,year
1977,39.5695818,2.6500745,8036,year
1978,39.5695818,2.6500745,8401,year
1979,39.5695818,2.6500745,8766,year
1980,39.5695818,2.6500745,9131,year
1981,39.5695818,2.6500745,9497,year
1982,39.5695818,2.6500745,9862,year
1983,39.5695818,2.6500745,10227,year
1984,39.5695818,2.6500745,10592,year
1985,39.5695818,2.6500745,10958,year
1986,39.5695818,2.6500745,11323,year
1987,39.5695818,2.6500745,11688,year
1988,39.5695818,2.6500745,12053,year
1989,39.5695818,2.6500745,12419,year
1990,39.5695818,2.6500745,12784,year
1991,39.5695818,2.6500745,13149,year
1955,53.3493795,-6.2605593,0,year
1956,53.3493795,-6.2605593,365,year
1957,53.3493795,-6.2605593,731,year
1958,53.3493795,-6.2605593,1096,year
1959,53.3493795,-6.2605593,1461,year
1960,53.3493795,-6.2605593,1826,year
1961,53.3493795,-6.2605593,2192,year
1962,53.3493795,-6.2605593,2557,year
1963,53.3493795,-6.2605593,2922,year
1964,53.3493795,-6.2605593,3287,year
1965,53.3493795,-6.2605593,3653,year
1966,53.3493795,-6.2605593,4018,year
1967,53.3493795,-6.2605593,4383,year
1968,53.3493795,-6.2605593,4748,year
1969,53.3493795,-6.2605593,5114,year
1970,53.3493795,-6.2605593,5479,year
1971,53.3493795,-6.2605593,5844,year
1972,53.3493795,-6.2605593,6209,year
1973,53.3493795,-6.2605593,6575,year
1974,53.3493795,-6.2605593,6940,year
1975,53.3493795,-6.2605593,7305,year
1976,53.3493795,-6.2605593,7670,year
1977,53.3493795,-6.2605593,8036,year
1978,53.3493795,-6.2605593,8401,year
1979,53.3493795,-6.2605593,8766,year
1980,53.3493795,-6.2605593,9131,year
1981,53.3493795,-6.2605593,9497,year
1982,53.3493795,-6.2605593,9862,year
1983,53.3493795,-6.2605593,10227,year
1984,53.3493795,-6.2605593,10592,year
1985,53.3493795,-6.2605593,10958,year
1986,53.3493795,-6.2605593,11323,year
1987,53.3493795,-6.2605593,11688,year
1988,53.3493795,-6.2605593,12053,year
1989,53.3493795,-6.2605593,12419,year
1990,53.3493795,-6.2605593,12784,year
1991,53.3493795,-6.2605593,13149,year
1955,45.4424977,10.98573769,0,year
1956,45.4424977,10.98573769,365,year
1957,45.4424977,10.98573769,731,year
1958,45.4424977,10.98573769,1096,year
1959,45.4424977,10.98573769,1461,year
1960,45.4424977,10.98573769,1826,year
1961,45.4424977,10.98573769,2192,year
1962,45.4424977,10.98573769,2557,year
1963,45.4424977,10.98573769,2922,year
1964,45.4424977,10.98573769,3287,year
1965,45.4424977,10.98573769,3653,year
1966,45.4424977,10.98573769,4018,year
1967,45.4424977,10.98573769,4383,year
1968,45.4424977,10.98573769,4748,year
1969,45.4424977,10.98573769,5114,year
1970,45.4424977,10.98573769,5479,year
1971,45.4424977,10.98573769,5844,year
1972,45.4424977,10.98573769,6209,year
1973,45.4424977,10.98573769,6575,year
1974,45.4424977,10.98573769,6940,year
1975,45.4424977,10.98573769,7305,year
1976,45.4424977,10.98573769,7670,year
1977,45.4424977,10.98573769,8036,year
1978,45.4424977,10.98573769,8401,year
1979,45.4424977,10.98573769,8766,year
1980,45.4424977,10.98573769,9131,year
1981,45.4424977,10.98573769,9497,year
1982,45.4424977,10.98573769,9862,year
1983,45.4424977,10.98573769,10227,year
1984,45.4424977,10.98573769,10592,year
1985,45.4424977,10.98573769,10958,year
1986,45.4424977,10.98573769,11323,year
1987,45.4424977,10.98573769,11688,year
1988,45.4424977,10.98573769,12053,year
1989,45.4424977,10.98573769,12419,year
1990,45.4424977,10.98573769,12784,year
1991,45.4424977,10.98573769,13149,year
1992,45.4424977,10.98573769,13514,year
1955,48.2083537,16.3725042,0,year
1956,48.2083537,16.3725042,365,year
1957,48.2083537,16.3725042,731,year
1958,48.2083537,16.3725042,1096,year
1959,48.2083537,16.3725042,1461,year
1960,48.2083537,16.3725042,1826,year
1961,48.2083537,16.3725042,2192,year
1962,48.2083537,16.3725042,2557,year
1963,48.2083537,16.3725042,2922,year
1964,48.2083537,16.3725042,3287,year
1965,48.2083537,16.3725042,3653,year
1966,48.2083537,16.3725042,4018,year
1967,48.2083537,16.3725042,4383,year
1968,48.2083537,16.3725042,4748,year
1969,48.2083537,16.3725042,5114,year
1970,48.2083537,16.3725042,5479,year
1971,48.2083537,16.3725042,5844,year
1972,48.2083537,16.3725042,6209,year
1973,48.2083537,16.3725042,6575,year
1974,48.2083537,16.3725042,6940,year
1975,48.2083537,16.3725042,7305,year
1976,48.2083537,16.3725042,7670,year
1977,48.2083537,16.3725042,8036,year
1978,48.2083537,16.3725042,8401,year
1979,48.2083537,16.3725042,8766,year
1980,48.2083537,16.3725042,9131,year
1981,48.2083537,16.3725042,9497,year
1982,48.2083537,16.3725042,9862,year
1983,48.2083537,16.3725042,10227,year
1984,48.2083537,16.3725042,10592,year
1985,48.2083537,16.3725042,10958,year
1986,48.2083537,16.3725042,11323,year
1987,48.2083537,16.3725042,11688,year
1988,48.2083537,16.3725042,12053,year
1989,48.2083537,16.3725042,12419,year
1990,48.2083537,16.3725042,12784,year
1991,48.2083537,16.3725042,13149,year
1992,48.2083537,16.3725042,13514,year
1993,48.2083537,16.3725042,13880,year
1955,52.510885,13.3989367,0,year
1956,52.510885,13.3989367,365,year
1957,52.510885,13.3989367,731,year
1958,52.510885,13.3989367,1096,year
1959,52.510885,13.3989367,1461,year
1960,52.510885,13.3989367,1826,year
1961,52.510885,13.3989367,2192,year
1962,52.510885,13.3989367,2557,year
1963,52.510885,13.3989367,2922,year
1964,52.510885,13.3989367,3287,year
1965,52.510885,13.3989367,3653,year
1966,52.510885,13.3989367,4018,year
1967,52.510885,13.3989367,4383,year
1968,52.510885,13.3989367,4748,year
1969,52.510885,13.3989367,5114,year
1970,52.510885,13.3989367,5479,year
1971,52.510885,13.3989367,5844,year
1972,52.510885,13.3989367,6209,year
1973,52.510885,13.3989367,6575,year
1974,52.510885,13.3989367,6940,year
1975,52.510885,13.3989367,7305,year
1976,52.510885,13.3989367,7670,year
1977,52.510885,13.3989367,8036,year
1978,52.510885,13.3989367,8401,year
1979,52.510885,13.3989367,8766,year
1980,52.510885,13.3989367,9131,year
1981,52.510885,13.3989367,9497,year
1982,52.510885,13.3989367,9862,year
1983,52.510885,13.3989367,10227,year
1984,52.510885,13.3989367,10592,year
1985,52.510885,13.3989367,10958,year
1986,52.510885,13.3989367,11323,year
1987,52.510885,13.3989367,11688,year
1988,52.510885,13.3989367,12053,year
1989,52.510885,13.3989367,12419,year
1990,52.510885,13.3989367,12784,year
1991,52.510885,13.3989367,13149,year
1992,52.510885,13.3989367,13514,year
1993,52.510885,13.3989367,13880,year
1955,47.4978789,19.0402383,0,year
1956,47.4978789,19.0402383,365,year
1957,47.4978789,19.0402383,731,year
1958,47.4978789,19.0402383,1096,year
1959,47.4978789,19.0402383,1461,year
1960,47.4978789,19.0402383,1826,year
1961,47.4978789,19.0402383,2192,year
1962,47.4978789,19.0402383,2557,year
1963,47.4978789,19.0402383,2922,year
1964,47.4978789,19.0402383,3287,year
1965,47.4978789,19.0402383,3653,year
1966,47.4978789,19.0402383,4018,year
1967,47.4978789,19.0402383,4383,year
1968,47.4978789,19.0402383,4748,year
1969,47.4978789,19.0402383,5114,year
1970,47.4978789,19.0402383,5479,year
1971,47.4978789,19.0402383,5844,year
1972,47.4978789,19.0402383,6209,year
1973,47.4978789,19.0402383,6575,year
1974,47.4978789,19.0402383,6940,year
1975,47.4978789,19.0402383,7305,year
1976,47.4978789,19.0402383,7670,year
1977,47.4978789,19.0402383,8036,year
1978,47.4978789,19.0402383,8401,year
1979,47.4978789,19.0402383,8766,year
1980,47.4978789,19.0402383,9131,year
1981,47.4978789,19.0402383,9497,year
1982,47.4978789,19.0402383,9862,year
1983,47.4978789,19.0402383,10227,year
1984,47.4978789,19.0402383,10592,year
1985,47.4978789,19.0402383,10958,year
1986,47.4978789,19.0402383,11323,year
1987,47.4978789,19.0402383,11688,year
1988,47.4978789,19.0402383,12053,year
1989,47.4978789,19.0402383,12419,year
1990,47.4978789,19.0402383,12784,year
1991,47.4978789,19.0402383,13149,year
1992,47.4978789,19.0402383,13514,year
1993,47.4978789,19.0402383,13880,year
